,Broccoli,Nutella,Peanut Butter,Salted Caramel,Sugar,age,nationality,nationality_idx,winning_topping,winning_topping_idx
0,0,0,0,1,0,2.3857319104122494,Other,3,Salted Caramel,3
1,0,0,0,1,0,0.6583823449259211,French,0,Salted Caramel,3
2,0,1,0,0,0,0.9245083144529931,Other,3,Nutella,1
3,0,1,0,0,0,-0.20761440339478732,Italian,2,Nutella,1
4,0,1,0,0,0,0.23664881004885152,Italian,2,Nutella,1
5,0,1,0,0,0,-0.14615122559753294,Italian,2,Nutella,1
6,0,1,0,0,0,-0.002183723234189694,Italian,2,Nutella,1
7,0,1,0,0,0,-0.16229998487541597,Italian,2,Nutella,1
8,0,0,0,0,1,-0.18009771517170348,French,0,Sugar,4
9,0,1,0,0,0,0.37717779665051265,French,0,Nutella,1
10,0,0,0,1,0,-0.892340223031316,Other,3,Salted Caramel,3
11,0,0,0,0,1,-0.7248209692094287,French,0,Sugar,4
12,0,0,1,0,0,0.55159424453492,Italian,2,Peanut Butter,2
13,0,0,0,0,1,-0.6257856237098246,Other,3,Sugar,4
14,0,1,0,0,0,2.1601141910391513,Italian,2,Nutella,1
15,0,0,0,0,1,-0.42936105938752106,German,1,Sugar,4
16,0,0,0,0,1,-0.06839918185552989,French,0,Sugar,4
17,0,0,0,1,0,-0.4427136138837356,Italian,2,Salted Caramel,3
18,0,0,0,0,1,-1.214892091833072,Italian,2,Sugar,4
19,0,0,0,1,0,0.21115523466585692,French,0,Salted Caramel,3
20,0,0,0,0,1,-1.2353679627673897,Other,3,Sugar,4
21,0,1,0,0,0,-1.4523505424394316,French,0,Nutella,1
22,0,0,0,1,0,-0.6318975063902631,Italian,2,Salted Caramel,3
23,0,0,0,1,0,-0.03578694347040774,Other,3,Salted Caramel,3
24,0,1,0,0,0,1.1754921197129622,French,0,Nutella,1
25,0,0,0,1,0,0.7810872289912362,French,0,Salted Caramel,3
26,0,0,0,1,0,-1.6944356754849697,German,1,Salted Caramel,3
27,0,0,0,1,0,-0.9604882052303012,Italian,2,Salted Caramel,3
28,0,0,0,1,0,-0.08332113789665063,French,0,Salted Caramel,3
29,0,1,0,0,0,0.999279703238417,French,0,Nutella,1
30,0,1,0,0,0,0.7719148189262989,Italian,2,Nutella,1
31,0,0,0,1,0,-1.5626423259846927,French,0,Salted Caramel,3
32,0,1,0,0,0,-0.07947859880345756,Other,3,Nutella,1
33,0,1,0,0,0,-0.08838533887089087,Other,3,Nutella,1
34,0,1,0,0,0,0.04911894252602824,French,0,Nutella,1
35,0,0,0,0,1,-1.7601895538105814,German,1,Sugar,4
36,0,1,0,0,0,0.06508918907481158,Italian,2,Nutella,1
37,0,1,0,0,0,1.0131354038848857,German,1,Nutella,1
38,0,0,0,1,0,-0.27414052742953243,Italian,2,Salted Caramel,3
39,0,1,0,0,0,-0.013308362914264748,Other,3,Nutella,1
40,0,1,0,0,0,-0.8762654578769268,Other,3,Nutella,1
41,0,0,1,0,0,-0.5451147900695646,German,1,Peanut Butter,2
42,0,1,0,0,0,0.22760414557852626,French,0,Nutella,1
43,0,0,0,1,0,0.1374749066766044,French,0,Salted Caramel,3
44,0,0,0,1,0,0.41223784891523757,Italian,2,Salted Caramel,3
45,0,0,0,1,0,0.5794645774179823,German,1,Salted Caramel,3
46,0,1,0,0,0,-2.334467819277136,German,1,Nutella,1
47,0,0,1,0,0,-0.1577440642399993,German,1,Peanut Butter,2
48,1,0,0,0,0,-0.47952944368330963,German,1,Broccoli,0
49,0,1,0,0,0,0.3507370788035347,French,0,Nutella,1
50,0,0,0,1,0,-0.7294923378121096,French,0,Salted Caramel,3
51,0,1,0,0,0,-1.2954915512624416,Italian,2,Nutella,1
52,0,0,0,1,0,-0.8708165488570747,Other,3,Salted Caramel,3
53,0,1,0,0,0,-0.7167695678193954,Other,3,Nutella,1
54,0,0,0,0,1,-0.3076707955253873,Italian,2,Sugar,4
55,0,1,0,0,0,-0.744553503201986,Italian,2,Nutella,1
56,0,0,1,0,0,0.6947910052214101,French,0,Peanut Butter,2
57,0,1,0,0,0,0.13189265434355607,Italian,2,Nutella,1
58,0,0,1,0,0,0.31912023044800747,Other,3,Peanut Butter,2
59,0,1,0,0,0,0.7200634848063681,French,0,Nutella,1
60,0,0,0,1,0,-0.08713027931520632,French,0,Salted Caramel,3
61,0,1,0,0,0,0.7643976457891908,Italian,2,Nutella,1
62,0,1,0,0,0,-0.33458474680282874,Italian,2,Nutella,1
63,0,0,0,1,0,-0.14514257004079828,Other,3,Salted Caramel,3
64,0,1,0,0,0,1.1481215183032751,Other,3,Nutella,1
65,0,0,0,1,0,0.06460146178715427,French,0,Salted Caramel,3
66,0,1,0,0,0,0.33183841358425226,Other,3,Nutella,1
67,0,0,1,0,0,-0.10448042897198564,Other,3,Peanut Butter,2
68,0,0,1,0,0,0.5672185510746228,German,1,Peanut Butter,2
69,0,1,0,0,0,1.1136982245735747,Other,3,Nutella,1
70,0,0,0,1,0,0.4690195589494662,German,1,Salted Caramel,3
71,0,1,0,0,0,-0.803494674262074,Italian,2,Nutella,1
72,0,0,0,1,0,-0.26161891868697223,French,0,Salted Caramel,3
73,0,1,0,0,0,0.3846744523496206,Italian,2,Nutella,1
74,0,0,0,1,0,-1.0408775442336895,Other,3,Salted Caramel,3
75,0,0,0,1,0,-0.00483605009989882,French,0,Salted Caramel,3
76,0,1,0,0,0,-0.14440871527598204,French,0,Nutella,1
77,0,0,0,1,0,-1.2260994474138585,French,0,Salted Caramel,3
78,0,0,0,0,1,0.5382624585901729,Italian,2,Sugar,4
79,0,1,0,0,0,-0.9270942349804486,Italian,2,Nutella,1
80,0,1,0,0,0,-0.039391888922660385,Other,3,Nutella,1
81,0,0,0,0,1,-0.3830790568022982,Italian,2,Sugar,4
82,0,0,0,1,0,-1.1144772424011895,German,1,Salted Caramel,3
83,0,0,0,1,0,-0.8305243522801333,French,0,Salted Caramel,3
84,0,0,0,1,0,0.6710988503107131,Italian,2,Salted Caramel,3
85,0,1,0,0,0,-0.4024508907216962,French,0,Nutella,1
86,0,1,0,0,0,0.271475857479114,Italian,2,Nutella,1
87,0,0,0,0,1,2.483120840348704,German,1,Sugar,4
88,1,0,0,0,0,0.2133849923720678,French,0,Broccoli,0
89,0,0,1,0,0,0.18876204937000857,German,1,Peanut Butter,2
90,0,0,0,1,0,-0.08139268040533644,German,1,Salted Caramel,3
91,0,1,0,0,0,-1.1971378633893142,Italian,2,Nutella,1
92,1,0,0,0,0,0.9728347609336928,French,0,Broccoli,0
93,0,0,0,0,1,0.1345175829286811,French,0,Sugar,4
94,0,1,0,0,0,-1.146318089989468,French,0,Nutella,1
95,0,0,0,1,0,1.3111661555185505,French,0,Salted Caramel,3
96,0,1,0,0,0,0.27544127618836495,Italian,2,Nutella,1
97,0,1,0,0,0,-1.772703339182039,Italian,2,Nutella,1
98,1,0,0,0,0,0.3793489157481431,Italian,2,Broccoli,0
99,0,1,0,0,0,-0.04713828848064195,French,0,Nutella,1
100,0,1,0,0,0,1.0307946639495085,Other,3,Nutella,1
101,0,0,0,1,0,0.2652054048425881,Italian,2,Salted Caramel,3
102,0,0,0,1,0,-0.7956940648687575,German,1,Salted Caramel,3
103,0,0,0,1,0,-0.47645926388499543,French,0,Salted Caramel,3
104,0,1,0,0,0,1.0196887606367102,Italian,2,Nutella,1
105,0,1,0,0,0,0.002975855575121708,Italian,2,Nutella,1
106,0,1,0,0,0,0.6335343218504311,Italian,2,Nutella,1
107,0,1,0,0,0,-0.3467182583019974,Italian,2,Nutella,1
108,0,0,0,0,1,0.6603411928983272,Italian,2,Sugar,4
109,0,0,0,0,1,-0.6016953713289358,Other,3,Sugar,4
110,0,1,0,0,0,0.6707565841881019,Italian,2,Nutella,1
111,0,1,0,0,0,0.7894691545206259,Other,3,Nutella,1
112,0,0,0,1,0,-1.053341663130049,Italian,2,Salted Caramel,3
113,0,0,0,0,1,-0.5433226072536128,French,0,Sugar,4
114,0,0,0,0,1,-0.11254102320283176,German,1,Sugar,4
115,0,1,0,0,0,0.6031044738295313,French,0,Nutella,1
116,0,0,0,1,0,-0.29670820785551855,French,0,Salted Caramel,3
117,0,0,0,0,1,1.3677799465377285,German,1,Sugar,4
118,0,0,0,1,0,0.7798425491212783,German,1,Salted Caramel,3
119,0,1,0,0,0,-1.7564902204214006,Other,3,Nutella,1
120,0,0,0,1,0,0.47206405425989084,French,0,Salted Caramel,3
121,0,1,0,0,0,-0.6828150308640947,German,1,Nutella,1
122,0,1,0,0,0,-0.3854482924101274,Italian,2,Nutella,1
123,0,0,0,1,0,0.24561274652744167,Italian,2,Salted Caramel,3
124,0,1,0,0,0,-0.26896886993586094,Other,3,Nutella,1
125,0,0,1,0,0,0.4568464188508027,German,1,Peanut Butter,2
126,0,0,0,1,0,0.2323747762481887,French,0,Salted Caramel,3
127,0,1,0,0,0,-0.3523687314872761,Italian,2,Nutella,1
128,0,1,0,0,0,-0.7151548595769768,Other,3,Nutella,1
129,0,0,0,1,0,-0.8654224394041923,French,0,Salted Caramel,3
130,0,0,1,0,0,1.164273025747912,French,0,Peanut Butter,2
131,0,0,0,1,0,0.5459159242677476,French,0,Salted Caramel,3
132,0,0,1,0,0,1.2832249035604868,German,1,Peanut Butter,2
133,0,0,0,1,0,0.5680339122372068,French,0,Salted Caramel,3
134,0,1,0,0,0,-0.45010264960239615,Other,3,Nutella,1
135,0,0,0,1,0,-0.7276382571354473,Italian,2,Salted Caramel,3
136,0,1,0,0,0,2.307116400958727,Italian,2,Nutella,1
137,0,0,1,0,0,0.4330656451409577,German,1,Peanut Butter,2
138,0,1,0,0,0,-0.0675576605651566,German,1,Nutella,1
139,0,1,0,0,0,2.223352303165312,Other,3,Nutella,1
140,0,0,0,1,0,-0.7705375162824926,Italian,2,Salted Caramel,3
141,0,0,1,0,0,-0.6356399479524597,Italian,2,Peanut Butter,2
142,0,1,0,0,0,-0.3687259131033077,Other,3,Nutella,1
143,0,1,0,0,0,1.3463728578646956,French,0,Nutella,1
144,0,1,0,0,0,1.3595580948025443,Other,3,Nutella,1
145,0,1,0,0,0,-1.5401156175584232,Other,3,Nutella,1
146,0,1,0,0,0,0.09222814895638404,French,0,Nutella,1
147,0,0,0,0,1,-1.0529893009952334,Other,3,Sugar,4
148,0,1,0,0,0,0.34351354880517354,Other,3,Nutella,1
149,0,0,0,1,0,0.2347112648902458,French,0,Salted Caramel,3
150,0,1,0,0,0,-1.0098670516932406,Italian,2,Nutella,1
151,0,1,0,0,0,-1.6774589591330007,French,0,Nutella,1
152,0,0,1,0,0,0.03653792894923546,German,1,Peanut Butter,2
153,0,0,1,0,0,-1.3683345080558926,Italian,2,Peanut Butter,2
154,0,0,1,0,0,1.2414537759381783,German,1,Peanut Butter,2
155,0,0,0,1,0,0.5363538717022344,Other,3,Salted Caramel,3
156,0,0,0,1,0,-1.054673571278937,French,0,Salted Caramel,3
157,0,0,1,0,0,0.9594448762412825,Italian,2,Peanut Butter,2
158,0,0,0,1,0,-0.7927912293927721,French,0,Salted Caramel,3
159,0,1,0,0,0,-0.9626730611262923,Italian,2,Nutella,1
160,0,0,0,1,0,0.02980057459718496,French,0,Salted Caramel,3
161,0,1,0,0,0,-0.8820436755345893,Italian,2,Nutella,1
162,0,0,1,0,0,-1.2937611461740794,German,1,Peanut Butter,2
163,1,0,0,0,0,-0.133837079438893,German,1,Broccoli,0
164,0,0,1,0,0,1.3786724452576171,Italian,2,Peanut Butter,2
165,0,0,0,1,0,-0.34738683765336686,French,0,Salted Caramel,3
166,0,0,0,0,1,0.684919507229322,German,1,Sugar,4
167,0,0,0,1,0,-1.0868684901127241,French,0,Salted Caramel,3
168,0,1,0,0,0,0.15972756464164542,Italian,2,Nutella,1
169,0,0,1,0,0,0.2813110916203024,Italian,2,Peanut Butter,2
170,1,0,0,0,0,1.2086679188021605,German,1,Broccoli,0
171,0,0,0,1,0,-0.587367070327365,French,0,Salted Caramel,3
172,0,0,0,0,1,-1.7898443761079772,Other,3,Sugar,4
173,0,0,1,0,0,1.2113816691972867,German,1,Peanut Butter,2
174,0,0,1,0,0,-0.5339998820753102,Other,3,Peanut Butter,2
175,0,1,0,0,0,1.1652831152257637,French,0,Nutella,1
176,0,1,0,0,0,1.6639229458662061,French,0,Nutella,1
177,0,0,0,1,0,-0.496593086429074,German,1,Salted Caramel,3
178,0,0,0,0,1,-0.4637812063171814,French,0,Sugar,4
179,0,1,0,0,0,0.8041313546992266,Italian,2,Nutella,1
180,0,0,0,0,1,0.4471300807797076,German,1,Sugar,4
181,0,1,0,0,0,-1.1066806608872344,French,0,Nutella,1
182,0,0,0,1,0,-1.6351724965308578,French,0,Salted Caramel,3
183,0,1,0,0,0,-1.2470985633268723,Italian,2,Nutella,1
184,0,1,0,0,0,-0.08031409001827601,Other,3,Nutella,1
185,0,1,0,0,0,0.18323795624803668,Other,3,Nutella,1
186,0,1,0,0,0,-0.5763101232214526,French,0,Nutella,1
187,0,0,0,1,0,-0.5042269431606822,French,0,Salted Caramel,3
188,0,1,0,0,0,0.6346842251717002,Other,3,Nutella,1
189,0,1,0,0,0,0.43329262000856716,Italian,2,Nutella,1
190,0,1,0,0,0,0.7548243398857717,Italian,2,Nutella,1
191,0,0,1,0,0,1.2161992821736411,Italian,2,Peanut Butter,2
192,0,1,0,0,0,-0.008726152422660116,French,0,Nutella,1
193,0,0,0,1,0,-0.2889490901341858,Italian,2,Salted Caramel,3
194,0,1,0,0,0,0.8711122584282835,French,0,Nutella,1
195,0,0,1,0,0,2.184133364696691,French,0,Peanut Butter,2
196,0,1,0,0,0,-0.5488747513768002,Italian,2,Nutella,1
197,0,1,0,0,0,1.6462567952631884,Italian,2,Nutella,1
198,0,0,1,0,0,0.7821772563173599,German,1,Peanut Butter,2
199,0,1,0,0,0,0.43633434714142344,French,0,Nutella,1
200,1,0,0,0,0,1.0100977963397502,French,0,Broccoli,0
201,0,1,0,0,0,0.38663361727149975,Italian,2,Nutella,1
202,0,0,0,0,1,-0.6000813862809522,Other,3,Sugar,4
203,0,0,0,1,0,0.4175952639315147,Other,3,Salted Caramel,3
204,0,1,0,0,0,0.34743807778841246,Italian,2,Nutella,1
205,0,0,0,1,0,-0.7360732960501104,French,0,Salted Caramel,3
206,0,0,1,0,0,1.2715029596828622,German,1,Peanut Butter,2
207,0,1,0,0,0,-0.5254238393796391,French,0,Nutella,1
208,0,1,0,0,0,-0.6418025885680935,French,0,Nutella,1
209,0,0,0,1,0,-2.1594478876589753,Other,3,Salted Caramel,3
210,0,1,0,0,0,0.7125205345697823,German,1,Nutella,1
211,0,0,1,0,0,-0.2913653886860559,Other,3,Peanut Butter,2
212,0,0,0,1,0,-1.1896656779436816,Italian,2,Salted Caramel,3
213,0,1,0,0,0,-0.7182592835320787,Other,3,Nutella,1
214,0,1,0,0,0,-1.3120996468019888,German,1,Nutella,1
215,0,0,1,0,0,0.4930118312162944,French,0,Peanut Butter,2
216,0,1,0,0,0,-0.42049654352261606,German,1,Nutella,1
217,0,0,1,0,0,1.4721404493503367,Italian,2,Peanut Butter,2
218,0,0,0,1,0,-1.2189160631221139,French,0,Salted Caramel,3
219,0,0,0,0,1,-0.08591541358578672,Italian,2,Sugar,4
220,0,0,1,0,0,-0.07728940740702869,Other,3,Peanut Butter,2
221,0,0,0,1,0,0.7308160419839712,Other,3,Salted Caramel,3
222,0,1,0,0,0,0.46268377787679493,French,0,Nutella,1
223,0,1,0,0,0,0.4394575855902087,French,0,Nutella,1
224,0,1,0,0,0,-0.6300623920672842,French,0,Nutella,1
225,0,0,0,1,0,-1.9308602757772113,French,0,Salted Caramel,3
226,0,1,0,0,0,-0.3510297441020657,Other,3,Nutella,1
227,0,1,0,0,0,-1.4200403954623841,German,1,Nutella,1
228,0,1,0,0,0,1.255408587807975,French,0,Nutella,1
229,1,0,0,0,0,1.5918925756555558,Other,3,Broccoli,0
230,0,0,1,0,0,0.09651969900429062,Other,3,Peanut Butter,2
231,0,0,0,1,0,-0.08054429872065286,Italian,2,Salted Caramel,3
232,0,0,1,0,0,0.5715948121724211,French,0,Peanut Butter,2
233,0,1,0,0,0,0.5621564156126319,German,1,Nutella,1
234,0,1,0,0,0,-0.46024344623401053,French,0,Nutella,1
235,0,1,0,0,0,0.12408425294372244,Italian,2,Nutella,1
236,0,0,0,1,0,0.7131897919299155,French,0,Salted Caramel,3
237,0,0,0,1,0,-0.18902468693755567,Italian,2,Salted Caramel,3
238,0,0,0,1,0,0.6297920692647075,Italian,2,Salted Caramel,3
239,1,0,0,0,0,1.2072640348317751,German,1,Broccoli,0
240,0,1,0,0,0,0.10424198838297237,Italian,2,Nutella,1
241,0,0,1,0,0,1.3542480809499684,German,1,Peanut Butter,2
242,0,0,0,1,0,-0.5032283786665623,German,1,Salted Caramel,3
243,0,0,0,1,0,0.5960060756662372,Italian,2,Salted Caramel,3
244,0,1,0,0,0,-0.9290525637051354,French,0,Nutella,1
245,0,1,0,0,0,-0.6788486312018405,French,0,Nutella,1
246,0,1,0,0,0,0.561654059151706,French,0,Nutella,1
247,0,1,0,0,0,-0.0003396497679056973,Other,3,Nutella,1
248,0,0,0,1,0,-0.7066135040331825,French,0,Salted Caramel,3
249,0,1,0,0,0,0.05626155014944982,French,0,Nutella,1
250,0,0,0,1,0,-0.03625985869099681,Other,3,Salted Caramel,3
251,0,1,0,0,0,2.3474177048522247,Italian,2,Nutella,1
252,0,0,0,1,0,0.29427812982635504,Other,3,Salted Caramel,3
253,0,0,0,1,0,-1.1571853448631597,Other,3,Salted Caramel,3
254,0,1,0,0,0,0.14922426179831427,Italian,2,Nutella,1
255,0,0,0,1,0,-2.1716026996263826,Other,3,Salted Caramel,3
256,0,0,1,0,0,-0.5143645802221687,Other,3,Peanut Butter,2
257,0,1,0,0,0,1.5286024817550108,Other,3,Nutella,1
258,0,0,0,1,0,-0.10595570910124595,Italian,2,Salted Caramel,3
259,0,0,0,1,0,-0.9861784329756209,Other,3,Salted Caramel,3
260,0,1,0,0,0,1.8525429162302582,Italian,2,Nutella,1
261,0,0,0,0,1,-0.42792690255331206,Italian,2,Sugar,4
262,0,0,0,0,1,0.6482645385455423,Italian,2,Sugar,4
263,0,0,0,1,0,0.5444250849988953,German,1,Salted Caramel,3
264,0,1,0,0,0,1.1925861911248286,Italian,2,Nutella,1
265,0,0,0,1,0,-0.08372315862551143,German,1,Salted Caramel,3
266,0,1,0,0,0,0.0876139746919067,Other,3,Nutella,1
267,0,0,0,1,0,0.7004555033885677,French,0,Salted Caramel,3
268,0,1,0,0,0,0.6641712769070667,Italian,2,Nutella,1
269,0,1,0,0,0,1.3115574557583183,French,0,Nutella,1
270,0,1,0,0,0,0.4616795957481872,German,1,Nutella,1
271,0,1,0,0,0,0.6024134112575722,French,0,Nutella,1
272,0,0,1,0,0,-0.8084471198684924,Other,3,Peanut Butter,2
273,0,0,0,1,0,0.5968141585441576,German,1,Salted Caramel,3
274,0,0,0,1,0,0.3018669916561953,Italian,2,Salted Caramel,3
275,0,0,0,0,1,-1.93310334956684,French,0,Sugar,4
276,0,0,0,1,0,-1.5165620029360467,Italian,2,Salted Caramel,3
277,0,0,0,1,0,0.31873006072074733,Italian,2,Salted Caramel,3
278,0,1,0,0,0,1.4562015317009074,Italian,2,Nutella,1
279,0,1,0,0,0,0.6670419219584915,Italian,2,Nutella,1
280,0,0,0,0,1,-2.669529217839657,Other,3,Sugar,4
281,0,0,0,1,0,-2.046034060448001,French,0,Salted Caramel,3
282,0,0,0,0,1,-0.015174838352534092,Other,3,Sugar,4
283,0,0,0,1,0,1.8321866905769293,Italian,2,Salted Caramel,3
284,0,0,1,0,0,1.083262273033858,German,1,Peanut Butter,2
285,0,0,0,0,1,-1.152359882689289,Italian,2,Sugar,4
286,0,0,0,0,1,-2.9351099666457032,Italian,2,Sugar,4
287,0,0,0,1,0,1.281809087958182,French,0,Salted Caramel,3
288,0,0,0,1,0,0.8236740440606937,Italian,2,Salted Caramel,3
289,0,0,0,0,1,-0.03201272174655394,German,1,Sugar,4
290,0,1,0,0,0,-0.36651394085258554,Italian,2,Nutella,1
291,0,1,0,0,0,0.45439714441685686,French,0,Nutella,1
292,0,0,0,1,0,0.2282189025242241,French,0,Salted Caramel,3
293,0,0,0,0,1,0.10554997248709554,Italian,2,Sugar,4
294,0,1,0,0,0,1.7655100576371248,Italian,2,Nutella,1
295,0,1,0,0,0,0.2915517059496603,French,0,Nutella,1
296,0,0,0,1,0,-0.1767027345051291,French,0,Salted Caramel,3
297,0,1,0,0,0,0.6101153634297538,Italian,2,Nutella,1
298,0,0,1,0,0,0.8818801944385721,Other,3,Peanut Butter,2
299,0,1,0,0,0,0.4900111904945362,French,0,Nutella,1
300,0,1,0,0,0,-0.5676541979180459,Italian,2,Nutella,1
301,0,0,0,1,0,0.3923962243504225,Italian,2,Salted Caramel,3
302,1,0,0,0,0,-0.11206395610695769,German,1,Broccoli,0
303,0,1,0,0,0,0.5120999856191889,Italian,2,Nutella,1
304,1,0,0,0,0,-0.7007232848868136,German,1,Broccoli,0
305,0,0,0,1,0,-0.4505850867323465,German,1,Salted Caramel,3
306,0,0,0,1,0,-1.3562542874940646,German,1,Salted Caramel,3
307,0,0,0,1,0,0.9207715759740852,French,0,Salted Caramel,3
308,0,1,0,0,0,-2.534342432627798,Italian,2,Nutella,1
309,0,0,1,0,0,1.1027546441602232,German,1,Peanut Butter,2
310,0,1,0,0,0,-0.05132084877629604,Other,3,Nutella,1
311,0,0,1,0,0,0.1913346502941594,Other,3,Peanut Butter,2
312,1,0,0,0,0,1.4537846619985038,German,1,Broccoli,0
313,0,1,0,0,0,-0.48663602855572163,Italian,2,Nutella,1
314,0,0,1,0,0,0.16015115786014272,French,0,Peanut Butter,2
315,0,1,0,0,0,-1.8144545652534625,Italian,2,Nutella,1
316,0,0,0,0,1,1.4823208179103737,Italian,2,Sugar,4
317,0,0,0,1,0,0.12463158072567523,Italian,2,Salted Caramel,3
318,0,0,1,0,0,0.6700406742930001,French,0,Peanut Butter,2
319,0,0,0,0,1,0.49417649052047113,German,1,Sugar,4
320,0,0,0,1,0,-1.0402097069306266,French,0,Salted Caramel,3
321,0,0,1,0,0,0.08577044684973206,German,1,Peanut Butter,2
322,0,1,0,0,0,-0.6858775863615402,Other,3,Nutella,1
323,0,1,0,0,0,-0.25502055173348515,Other,3,Nutella,1
324,1,0,0,0,0,-0.25155049768738136,German,1,Broccoli,0
325,0,0,0,0,1,-1.9387107528339567,German,1,Sugar,4
326,0,0,0,1,0,1.6047503463728137,French,0,Salted Caramel,3
327,0,1,0,0,0,1.087504993002641,German,1,Nutella,1
328,0,1,0,0,0,-1.8544073359152273,Italian,2,Nutella,1
329,0,1,0,0,0,0.18038121455273162,Other,3,Nutella,1
330,0,0,0,1,0,-0.5456042901112441,French,0,Salted Caramel,3
331,0,0,0,1,0,1.019355165423591,French,0,Salted Caramel,3
332,0,0,0,0,1,0.3713815601813545,French,0,Sugar,4
333,0,1,0,0,0,0.8779558043578798,French,0,Nutella,1
334,0,0,1,0,0,0.0981332712088461,Other,3,Peanut Butter,2
335,0,0,1,0,0,0.4819472857271168,German,1,Peanut Butter,2
336,0,0,0,0,1,-0.24588012208515525,French,0,Sugar,4
337,0,0,0,1,0,-0.1705268197618056,French,0,Salted Caramel,3
338,0,0,0,0,1,-0.160548896586839,German,1,Sugar,4
339,0,0,0,1,0,-1.1090383861165607,French,0,Salted Caramel,3
340,0,1,0,0,0,0.4563236586564493,Other,3,Nutella,1
341,0,1,0,0,0,-0.3683930782681938,French,0,Nutella,1
342,0,0,0,1,0,-0.8654210183722749,Other,3,Salted Caramel,3
343,0,0,1,0,0,0.8108780889454579,Italian,2,Peanut Butter,2
344,0,0,0,1,0,0.6504949817657296,Other,3,Salted Caramel,3
345,0,0,0,0,1,-1.3839662943430824,German,1,Sugar,4
346,0,1,0,0,0,-0.646986286296893,German,1,Nutella,1
347,0,0,0,1,0,1.1481448380318418,Other,3,Salted Caramel,3
348,0,0,1,0,0,0.7661246975553831,Other,3,Peanut Butter,2
349,0,0,0,0,1,-0.13215595064833718,Other,3,Sugar,4
350,0,0,0,0,1,-0.945622971207896,French,0,Sugar,4
351,0,0,0,1,0,1.7799388542745418,French,0,Salted Caramel,3
352,0,1,0,0,0,0.43488482348776974,French,0,Nutella,1
353,0,0,0,0,1,-0.7327356163217499,French,0,Sugar,4
354,0,0,0,1,0,-1.0041158051036598,Italian,2,Salted Caramel,3
355,0,1,0,0,0,-0.7997421258251699,Italian,2,Nutella,1
356,0,1,0,0,0,-0.11934350423762709,Italian,2,Nutella,1
357,0,0,1,0,0,0.36905345352498187,German,1,Peanut Butter,2
358,0,0,0,1,0,-1.1283007993548761,French,0,Salted Caramel,3
359,0,1,0,0,0,-0.04293977095236815,Italian,2,Nutella,1
360,0,0,0,1,0,-2.1683652684293104,French,0,Salted Caramel,3
361,0,0,0,0,1,-0.4905833357159144,Other,3,Sugar,4
362,0,1,0,0,0,0.9222421653295679,French,0,Nutella,1
363,0,1,0,0,0,-0.41634486020024314,German,1,Nutella,1
364,1,0,0,0,0,2.7722973311688066,German,1,Broccoli,0
365,0,0,0,1,0,-0.9400046418170462,German,1,Salted Caramel,3
366,0,0,0,1,0,0.04337827512886503,French,0,Salted Caramel,3
367,0,1,0,0,0,-1.6044943814445678,Italian,2,Nutella,1
368,0,0,0,1,0,-0.43865968789406357,French,0,Salted Caramel,3
369,0,0,1,0,0,1.8821723987899501,Italian,2,Peanut Butter,2
370,0,0,0,1,0,-0.06505230693464072,German,1,Salted Caramel,3
371,0,1,0,0,0,0.6687465055047945,Italian,2,Nutella,1
372,0,0,0,0,1,-1.5824971571934983,French,0,Sugar,4
373,0,0,1,0,0,-0.07210104997899751,French,0,Peanut Butter,2
374,0,0,1,0,0,-1.683453311455893,French,0,Peanut Butter,2
375,0,1,0,0,0,-0.524397706116812,Other,3,Nutella,1
376,0,1,0,0,0,-1.059720267873921,Italian,2,Nutella,1
377,0,1,0,0,0,0.7213859796457538,Other,3,Nutella,1
378,0,0,0,1,0,-1.1773757966334717,German,1,Salted Caramel,3
379,0,0,0,0,1,-0.23585434752614914,Other,3,Sugar,4
380,0,0,0,0,1,0.5897584746290225,German,1,Sugar,4
381,0,0,0,1,0,1.7779166379502833,Other,3,Salted Caramel,3
382,0,0,0,1,0,-0.042661987372520166,French,0,Salted Caramel,3
383,0,0,1,0,0,-1.301251522405455,Other,3,Peanut Butter,2
384,0,0,0,1,0,-0.30212634672567473,Italian,2,Salted Caramel,3
385,0,0,1,0,0,0.9137929141709175,French,0,Peanut Butter,2
386,0,0,0,0,1,-1.906086802277855,Other,3,Sugar,4
387,0,1,0,0,0,-1.5153349480726008,Other,3,Nutella,1
388,0,1,0,0,0,-0.07458916987588503,Other,3,Nutella,1
389,0,1,0,0,0,0.3634704551657165,Other,3,Nutella,1
390,0,0,0,1,0,-0.31950267377615826,French,0,Salted Caramel,3
391,0,0,0,0,1,0.1275929053015693,Other,3,Sugar,4
392,0,0,0,1,0,0.9344023250343165,French,0,Salted Caramel,3
393,0,0,1,0,0,0.3385665162310803,German,1,Peanut Butter,2
394,0,1,0,0,0,-0.8223515609511212,German,1,Nutella,1
395,0,1,0,0,0,-1.914525339268477,Italian,2,Nutella,1
396,0,0,0,1,0,0.9966907709475684,German,1,Salted Caramel,3
397,0,0,0,1,0,-0.09790332647510391,French,0,Salted Caramel,3
398,0,1,0,0,0,0.10641459636871234,German,1,Nutella,1
399,0,1,0,0,0,-2.7684914674431376,French,0,Nutella,1
400,0,1,0,0,0,0.7560129660833144,French,0,Nutella,1
401,0,0,0,1,0,0.8715140519443964,French,0,Salted Caramel,3
402,0,0,0,1,0,-0.2662363197769108,Italian,2,Salted Caramel,3
403,0,0,0,1,0,-0.6739594640624167,French,0,Salted Caramel,3
404,0,1,0,0,0,0.3737832384118952,French,0,Nutella,1
405,0,1,0,0,0,1.4399510027028024,French,0,Nutella,1
406,0,0,0,1,0,-2.3766493140195246,Italian,2,Salted Caramel,3
407,0,0,0,1,0,-0.5699498161211146,French,0,Salted Caramel,3
408,0,0,1,0,0,1.409467228132007,Other,3,Peanut Butter,2
409,0,1,0,0,0,1.327824204652028,French,0,Nutella,1
410,0,0,0,1,0,1.4538113332097156,Italian,2,Salted Caramel,3
411,0,0,0,0,1,0.10381534864950483,French,0,Sugar,4
412,0,1,0,0,0,-0.9588159726233694,Other,3,Nutella,1
413,0,0,1,0,0,-0.6888915444102474,Italian,2,Peanut Butter,2
414,0,1,0,0,0,-0.5063299590393735,French,0,Nutella,1
415,0,1,0,0,0,-0.3122165161306875,Other,3,Nutella,1
416,0,1,0,0,0,-1.0380117949997545,Italian,2,Nutella,1
417,0,0,0,1,0,-0.5816274036469055,French,0,Salted Caramel,3
418,0,0,0,0,1,-1.383052394816993,Italian,2,Sugar,4
419,0,0,0,1,0,0.4164326301223411,French,0,Salted Caramel,3
420,0,1,0,0,0,0.7433248230139106,Italian,2,Nutella,1
421,0,1,0,0,0,-1.4909694938001161,German,1,Nutella,1
422,0,1,0,0,0,0.22546440747013008,German,1,Nutella,1
423,0,0,1,0,0,0.028007484507219613,Italian,2,Peanut Butter,2
424,0,0,0,0,1,-1.4729706035841856,Italian,2,Sugar,4
425,0,0,0,0,1,-1.388250238117735,Italian,2,Sugar,4
426,0,0,0,1,0,-0.3558574930298583,French,0,Salted Caramel,3
427,0,1,0,0,0,0.2453167088198648,Other,3,Nutella,1
428,0,0,1,0,0,0.31027979018169904,Other,3,Peanut Butter,2
429,0,0,0,0,1,0.4416036794230326,Italian,2,Sugar,4
430,0,0,1,0,0,2.47354889754642,Italian,2,Peanut Butter,2
431,0,1,0,0,0,1.3787400610534062,French,0,Nutella,1
432,0,0,0,0,1,-0.7492098396449979,German,1,Sugar,4
433,0,0,0,0,1,1.0842606445875098,German,1,Sugar,4
434,0,1,0,0,0,1.52304983151538,French,0,Nutella,1
435,0,1,0,0,0,0.5982800152411466,German,1,Nutella,1
436,0,1,0,0,0,-1.0292302342952582,Other,3,Nutella,1
437,0,1,0,0,0,-0.2659850622145726,Italian,2,Nutella,1
438,0,0,0,1,0,-1.3848229318927625,French,0,Salted Caramel,3
439,0,0,0,1,0,-2.1929658971899184,French,0,Salted Caramel,3
440,0,0,0,1,0,-0.7591609731577483,French,0,Salted Caramel,3
441,0,0,0,1,0,-0.8949732940045705,French,0,Salted Caramel,3
442,0,1,0,0,0,1.2959174967867926,Italian,2,Nutella,1
443,0,0,0,0,1,-0.24922048103588804,Italian,2,Sugar,4
444,0,0,0,1,0,-0.543128071474757,Italian,2,Salted Caramel,3
445,1,0,0,0,0,1.699414488836873,German,1,Broccoli,0
446,0,0,0,1,0,-0.49966908472740995,French,0,Salted Caramel,3
447,0,0,0,0,1,-0.8371472398865026,German,1,Sugar,4
448,0,1,0,0,0,1.0634986724245499,Other,3,Nutella,1
449,0,1,0,0,0,0.776903323515656,French,0,Nutella,1
450,1,0,0,0,0,1.8527467784467513,German,1,Broccoli,0
451,0,1,0,0,0,-2.5701545012415874,Other,3,Nutella,1
452,0,0,0,1,0,-1.0430353599391227,Italian,2,Salted Caramel,3
453,0,0,1,0,0,1.2209696308875726,French,0,Peanut Butter,2
454,0,0,0,0,1,1.002412360330775,German,1,Sugar,4
455,0,0,0,1,0,-0.892819751658861,German,1,Salted Caramel,3
456,0,0,0,1,0,1.6955966714547652,French,0,Salted Caramel,3
457,0,0,0,1,0,-0.7895775434807993,French,0,Salted Caramel,3
458,0,0,0,0,1,-1.2312357427181444,Italian,2,Sugar,4
459,0,1,0,0,0,-0.007785907504070055,German,1,Nutella,1
460,0,0,0,1,0,-0.26565619104765453,German,1,Salted Caramel,3
461,0,0,0,1,0,-0.060280024523741205,Italian,2,Salted Caramel,3
462,0,1,0,0,0,-1.326361581570069,Italian,2,Nutella,1
463,0,0,0,1,0,-0.1210273342862002,Italian,2,Salted Caramel,3
464,0,0,0,1,0,0.6415491925703747,Italian,2,Salted Caramel,3
465,0,0,0,0,1,-1.467137925939348,Other,3,Sugar,4
466,0,1,0,0,0,-0.038976981674791134,Italian,2,Nutella,1
467,0,1,0,0,0,-0.330749806164237,French,0,Nutella,1
468,0,0,1,0,0,1.0013556722303405,German,1,Peanut Butter,2
469,0,0,0,1,0,-0.4433239408480452,French,0,Salted Caramel,3
470,0,1,0,0,0,1.724068091512131,Italian,2,Nutella,1
471,0,0,0,1,0,-0.5166640615034395,French,0,Salted Caramel,3
472,0,1,0,0,0,-0.24539444405974506,Other,3,Nutella,1
473,0,0,0,1,0,0.268743155452575,Other,3,Salted Caramel,3
474,0,0,0,0,1,-0.36768395143079435,French,0,Sugar,4
475,0,0,0,0,1,0.09007468306989937,Italian,2,Sugar,4
476,0,1,0,0,0,-0.25660415091097155,French,0,Nutella,1
477,0,0,1,0,0,1.1625820614851698,French,0,Peanut Butter,2
478,0,1,0,0,0,-0.7565575265312132,German,1,Nutella,1
479,0,1,0,0,0,0.4294868892949418,French,0,Nutella,1
480,0,0,0,0,1,0.06561413941633899,German,1,Sugar,4
481,0,0,0,1,0,-1.753191826415398,Italian,2,Salted Caramel,3
482,0,0,0,0,1,-1.2650943976732072,Other,3,Sugar,4
483,0,1,0,0,0,-0.8953307594592202,German,1,Nutella,1
484,1,0,0,0,0,1.231070484745896,Other,3,Broccoli,0
485,0,0,0,1,0,0.19952143181501242,German,1,Salted Caramel,3
486,0,1,0,0,0,0.1258919071266157,Italian,2,Nutella,1
487,0,1,0,0,0,-2.84854662380146,German,1,Nutella,1
488,0,1,0,0,0,-1.68958504794977,French,0,Nutella,1
489,0,1,0,0,0,2.401308026909477,French,0,Nutella,1
490,0,1,0,0,0,0.49482806365105847,Other,3,Nutella,1
491,0,1,0,0,0,0.6638583084032363,German,1,Nutella,1
492,0,1,0,0,0,0.36658728687001374,German,1,Nutella,1
493,0,1,0,0,0,-0.2756579469501716,Other,3,Nutella,1
494,0,1,0,0,0,0.038551777380817207,Other,3,Nutella,1
495,0,1,0,0,0,-2.02324792633989,German,1,Nutella,1
496,0,0,0,1,0,-2.604966677429649,German,1,Salted Caramel,3
497,0,0,0,0,1,-2.4540532604509773,Italian,2,Sugar,4
498,0,0,0,1,0,-0.009009861090804929,German,1,Salted Caramel,3
499,0,0,0,1,0,0.09445248158722334,German,1,Salted Caramel,3
